<?xml version="1.0" encoding="ISO-8859-1" ?>
<link_info>
   <banner>TI ARM Linker Unix v18.12.4.LTS</banner>
   <copyright>Copyright (c) 1996-2018 Texas Instruments Incorporated</copyright>
   <link_time>0x5fa04b57</link_time>
   <link_errors>0x0</link_errors>
   <output_file>DriverLibrary.out</output_file>
   <entry_point>
      <name>_c_int00_noargs</name>
      <address>0x561</address>
   </entry_point>
   <input_file_list>
      <input_file id="fl-1">
         <path>./</path>
         <kind>object</kind>
         <file>adc14.obj</file>
         <name>adc14.obj</name>
      </input_file>
      <input_file id="fl-2">
         <path>./</path>
         <kind>object</kind>
         <file>aes256.obj</file>
         <name>aes256.obj</name>
      </input_file>
      <input_file id="fl-3">
         <path>./</path>
         <kind>object</kind>
         <file>comp_e.obj</file>
         <name>comp_e.obj</name>
      </input_file>
      <input_file id="fl-4">
         <path>./</path>
         <kind>object</kind>
         <file>cpu.obj</file>
         <name>cpu.obj</name>
      </input_file>
      <input_file id="fl-5">
         <path>./</path>
         <kind>object</kind>
         <file>crc32.obj</file>
         <name>crc32.obj</name>
      </input_file>
      <input_file id="fl-6">
         <path>./</path>
         <kind>object</kind>
         <file>cs.obj</file>
         <name>cs.obj</name>
      </input_file>
      <input_file id="fl-7">
         <path>./</path>
         <kind>object</kind>
         <file>dma.obj</file>
         <name>dma.obj</name>
      </input_file>
      <input_file id="fl-8">
         <path>./</path>
         <kind>object</kind>
         <file>flash.obj</file>
         <name>flash.obj</name>
      </input_file>
      <input_file id="fl-9">
         <path>./</path>
         <kind>object</kind>
         <file>fpu.obj</file>
         <name>fpu.obj</name>
      </input_file>
      <input_file id="fl-a">
         <path>./</path>
         <kind>object</kind>
         <file>gpio.obj</file>
         <name>gpio.obj</name>
      </input_file>
      <input_file id="fl-b">
         <path>./</path>
         <kind>object</kind>
         <file>i2c.obj</file>
         <name>i2c.obj</name>
      </input_file>
      <input_file id="fl-c">
         <path>./</path>
         <kind>object</kind>
         <file>interrupt.obj</file>
         <name>interrupt.obj</name>
      </input_file>
      <input_file id="fl-d">
         <path>./</path>
         <kind>object</kind>
         <file>main.obj</file>
         <name>main.obj</name>
      </input_file>
      <input_file id="fl-e">
         <path>./</path>
         <kind>object</kind>
         <file>mpu.obj</file>
         <name>mpu.obj</name>
      </input_file>
      <input_file id="fl-f">
         <path>./</path>
         <kind>object</kind>
         <file>pcm.obj</file>
         <name>pcm.obj</name>
      </input_file>
      <input_file id="fl-10">
         <path>./</path>
         <kind>object</kind>
         <file>pmap.obj</file>
         <name>pmap.obj</name>
      </input_file>
      <input_file id="fl-11">
         <path>./</path>
         <kind>object</kind>
         <file>pss.obj</file>
         <name>pss.obj</name>
      </input_file>
      <input_file id="fl-12">
         <path>./</path>
         <kind>object</kind>
         <file>ref_a.obj</file>
         <name>ref_a.obj</name>
      </input_file>
      <input_file id="fl-13">
         <path>./</path>
         <kind>object</kind>
         <file>reset.obj</file>
         <name>reset.obj</name>
      </input_file>
      <input_file id="fl-14">
         <path>./</path>
         <kind>object</kind>
         <file>rtc_c.obj</file>
         <name>rtc_c.obj</name>
      </input_file>
      <input_file id="fl-15">
         <path>./</path>
         <kind>object</kind>
         <file>spi.obj</file>
         <name>spi.obj</name>
      </input_file>
      <input_file id="fl-16">
         <path>./</path>
         <kind>object</kind>
         <file>startup_msp432p401r_ccs.obj</file>
         <name>startup_msp432p401r_ccs.obj</name>
      </input_file>
      <input_file id="fl-17">
         <path>./</path>
         <kind>object</kind>
         <file>sysctl.obj</file>
         <name>sysctl.obj</name>
      </input_file>
      <input_file id="fl-18">
         <path>./</path>
         <kind>object</kind>
         <file>system_msp432p401r.obj</file>
         <name>system_msp432p401r.obj</name>
      </input_file>
      <input_file id="fl-19">
         <path>./</path>
         <kind>object</kind>
         <file>systick.obj</file>
         <name>systick.obj</name>
      </input_file>
      <input_file id="fl-1a">
         <path>./</path>
         <kind>object</kind>
         <file>timer32.obj</file>
         <name>timer32.obj</name>
      </input_file>
      <input_file id="fl-1b">
         <path>./</path>
         <kind>object</kind>
         <file>timer_a.obj</file>
         <name>timer_a.obj</name>
      </input_file>
      <input_file id="fl-1c">
         <path>./</path>
         <kind>object</kind>
         <file>uart.obj</file>
         <name>uart.obj</name>
      </input_file>
      <input_file id="fl-1d">
         <path>./</path>
         <kind>object</kind>
         <file>wdt_a.obj</file>
         <name>wdt_a.obj</name>
      </input_file>
      <input_file id="fl-21">
         <kind>object</kind>
         <file>&lt;internal&gt;</file>
         <name>&lt;internal&gt;</name>
      </input_file>
      <input_file id="fl-d7">
         <path>/Applications/ti/ccs901/ccs/tools/compiler/ti-cgt-arm_18.12.4.LTS/lib/</path>
         <kind>archive</kind>
         <file>rtsv7M4_T_le_v4SPD16_eabi.lib</file>
         <name>copy_zero_init.c.obj</name>
      </input_file>
      <input_file id="fl-d8">
         <path>/Applications/ti/ccs901/ccs/tools/compiler/ti-cgt-arm_18.12.4.LTS/lib/</path>
         <kind>archive</kind>
         <file>rtsv7M4_T_le_v4SPD16_eabi.lib</file>
         <name>copy_decompress_none.c.obj</name>
      </input_file>
      <input_file id="fl-d9">
         <path>/Applications/ti/ccs901/ccs/tools/compiler/ti-cgt-arm_18.12.4.LTS/lib/</path>
         <kind>archive</kind>
         <file>rtsv7M4_T_le_v4SPD16_eabi.lib</file>
         <name>copy_decompress_lzss.c.obj</name>
      </input_file>
      <input_file id="fl-da">
         <path>/Applications/ti/ccs901/ccs/tools/compiler/ti-cgt-arm_18.12.4.LTS/lib/</path>
         <kind>archive</kind>
         <file>rtsv7M4_T_le_v4SPD16_eabi.lib</file>
         <name>boot_cortex_m.c.obj</name>
      </input_file>
      <input_file id="fl-db">
         <path>/Applications/ti/ccs901/ccs/tools/compiler/ti-cgt-arm_18.12.4.LTS/lib/</path>
         <kind>archive</kind>
         <file>rtsv7M4_T_le_v4SPD16_eabi.lib</file>
         <name>memcpy_t2.asm.obj</name>
      </input_file>
      <input_file id="fl-dc">
         <path>/Applications/ti/ccs901/ccs/tools/compiler/ti-cgt-arm_18.12.4.LTS/lib/</path>
         <kind>archive</kind>
         <file>rtsv7M4_T_le_v4SPD16_eabi.lib</file>
         <name>memset_t2.asm.obj</name>
      </input_file>
      <input_file id="fl-dd">
         <path>/Applications/ti/ccs901/ccs/tools/compiler/ti-cgt-arm_18.12.4.LTS/lib/</path>
         <kind>archive</kind>
         <file>rtsv7M4_T_le_v4SPD16_eabi.lib</file>
         <name>autoinit.c.obj</name>
      </input_file>
      <input_file id="fl-de">
         <path>/Applications/ti/ccs901/ccs/tools/compiler/ti-cgt-arm_18.12.4.LTS/lib/</path>
         <kind>archive</kind>
         <file>rtsv7M4_T_le_v4SPD16_eabi.lib</file>
         <name>pre_init.c.obj</name>
      </input_file>
      <input_file id="fl-df">
         <path>/Applications/ti/ccs901/ccs/tools/compiler/ti-cgt-arm_18.12.4.LTS/lib/</path>
         <kind>archive</kind>
         <file>rtsv7M4_T_le_v4SPD16_eabi.lib</file>
         <name>cpy_tbl.c.obj</name>
      </input_file>
      <input_file id="fl-e0">
         <path>/Applications/ti/ccs901/ccs/tools/compiler/ti-cgt-arm_18.12.4.LTS/lib/</path>
         <kind>archive</kind>
         <file>rtsv7M4_T_le_v4SPD16_eabi.lib</file>
         <name>exit.c.obj</name>
      </input_file>
      <input_file id="fl-e1">
         <path>/Applications/ti/ccs901/ccs/tools/compiler/ti-cgt-arm_18.12.4.LTS/lib/</path>
         <kind>archive</kind>
         <file>rtsv7M4_T_le_v4SPD16_eabi.lib</file>
         <name>_lock.c.obj</name>
      </input_file>
      <input_file id="fl-e2">
         <path>/Applications/ti/ccs901/ccs/tools/compiler/ti-cgt-arm_18.12.4.LTS/lib/</path>
         <kind>archive</kind>
         <file>rtsv7M4_T_le_v4SPD16_eabi.lib</file>
         <name>args_main.c.obj</name>
      </input_file>
   </input_file_list>
   <object_component_list>
      <object_component id="oc-23">
         <name>.intvecs:retain</name>
         <load_address>0x0</load_address>
         <run_address>0x0</run_address>
         <size>0xe4</size>
         <input_file_ref idref="fl-16"/>
      </object_component>
      <object_component id="oc-a2">
         <name>.text</name>
         <load_address>0xe4</load_address>
         <run_address>0xe4</run_address>
         <size>0x334</size>
         <input_file_ref idref="fl-18"/>
      </object_component>
      <object_component id="oc-34">
         <name>.text</name>
         <load_address>0x418</load_address>
         <run_address>0x418</run_address>
         <size>0x9c</size>
         <input_file_ref idref="fl-db"/>
      </object_component>
      <object_component id="oc-14">
         <name>.text:decompress:lzss:__TI_decompress_lzss</name>
         <load_address>0x4b4</load_address>
         <run_address>0x4b4</run_address>
         <size>0x68</size>
         <input_file_ref idref="fl-d9"/>
      </object_component>
      <object_component id="oc-cd">
         <name>.text:__TI_auto_init_nobinit_nopinit:__TI_auto_init_nobinit_nopinit</name>
         <load_address>0x51c</load_address>
         <run_address>0x51c</run_address>
         <size>0x44</size>
         <input_file_ref idref="fl-dd"/>
      </object_component>
      <object_component id="oc-52">
         <name>.text:_c_int00_noargs:_c_int00_noargs</name>
         <load_address>0x560</load_address>
         <run_address>0x560</run_address>
         <size>0x34</size>
         <input_file_ref idref="fl-da"/>
      </object_component>
      <object_component id="oc-1a">
         <name>.text:decompress:none:__TI_decompress_none</name>
         <load_address>0x594</load_address>
         <run_address>0x594</run_address>
         <size>0xe</size>
         <input_file_ref idref="fl-d8"/>
      </object_component>
      <object_component id="oc-64">
         <name>.text</name>
         <load_address>0x5a2</load_address>
         <run_address>0x5a2</run_address>
         <size>0xe</size>
         <input_file_ref idref="fl-16"/>
      </object_component>
      <object_component id="oc-8a">
         <name>.text:_system_pre_init</name>
         <load_address>0x5b0</load_address>
         <run_address>0x5b0</run_address>
         <size>0x4</size>
         <input_file_ref idref="fl-de"/>
      </object_component>
      <object_component id="oc-c1">
         <name>.text:abort:abort</name>
         <load_address>0x5b4</load_address>
         <run_address>0x5b4</run_address>
         <size>0x4</size>
         <input_file_ref idref="fl-e0"/>
      </object_component>
      <object_component id="oc-90">
         <name>.text</name>
         <load_address>0x5b8</load_address>
         <run_address>0x5b8</run_address>
         <size>0x2</size>
         <input_file_ref idref="fl-d"/>
      </object_component>
      <object_component id="oc-1a0">
         <name>.cinit..data.load</name>
         <load_address>0x5c0</load_address>
         <run_address>0x5c0</run_address>
         <size>0x8</size>
      </object_component>
      <object_component id="oc-19e">
         <name>__TI_handler_table</name>
         <load_address>0x5c8</load_address>
         <run_address>0x5c8</run_address>
         <size>0x8</size>
      </object_component>
      <object_component id="oc-19f">
         <name>__TI_cinit_table</name>
         <load_address>0x5d0</load_address>
         <run_address>0x5d0</run_address>
         <size>0x8</size>
      </object_component>
      <object_component id="oc-173">
         <name>.binit</name>
         <load_address>0x0</load_address>
         <run_address>0x0</run_address>
         <size>0x0</size>
      </object_component>
      <object_component id="oc-ff">
         <name>.data</name>
         <load_address>0x20000000</load_address>
         <run_address>0x20000000</run_address>
         <size>0x4</size>
         <input_file_ref idref="fl-18"/>
      </object_component>
      <object_component id="oc-26">
         <name>.stack</name>
         <uninitialized>true</uninitialized>
         <run_address>0x2000fe00</run_address>
         <size>0x4</size>
         <input_file_ref idref="fl-da"/>
      </object_component>
      <object_component id="oc-1a1">
         <name>.stack</name>
         <uninitialized>true</uninitialized>
         <run_address>0x2000fe00</run_address>
         <size>0x0</size>
      </object_component>
      <object_component id="oc-112">
         <name>.debug_info</name>
         <load_address>0x0</load_address>
         <run_address>0x0</run_address>
         <size>0x6db</size>
         <input_file_ref idref="fl-1"/>
      </object_component>
      <object_component id="oc-137">
         <name>.debug_info</name>
         <load_address>0x6db</load_address>
         <run_address>0x6db</run_address>
         <size>0x37e2</size>
         <input_file_ref idref="fl-1"/>
      </object_component>
      <object_component id="oc-ab">
         <name>.debug_info</name>
         <load_address>0x3ebd</load_address>
         <run_address>0x3ebd</run_address>
         <size>0x26b</size>
         <input_file_ref idref="fl-1"/>
      </object_component>
      <object_component id="oc-13c">
         <name>.debug_info</name>
         <load_address>0x4128</load_address>
         <run_address>0x4128</run_address>
         <size>0x1055</size>
         <input_file_ref idref="fl-1"/>
      </object_component>
      <object_component id="oc-10d">
         <name>.debug_info</name>
         <load_address>0x517d</load_address>
         <run_address>0x517d</run_address>
         <size>0x8b</size>
         <input_file_ref idref="fl-1"/>
      </object_component>
      <object_component id="oc-108">
         <name>.debug_info</name>
         <load_address>0x5208</load_address>
         <run_address>0x5208</run_address>
         <size>0x297</size>
         <input_file_ref idref="fl-1"/>
      </object_component>
      <object_component id="oc-103">
         <name>.debug_info</name>
         <load_address>0x549f</load_address>
         <run_address>0x549f</run_address>
         <size>0xbb</size>
         <input_file_ref idref="fl-1"/>
      </object_component>
      <object_component id="oc-2f">
         <name>.debug_info</name>
         <load_address>0x555a</load_address>
         <run_address>0x555a</run_address>
         <size>0x84</size>
         <input_file_ref idref="fl-4"/>
      </object_component>
      <object_component id="oc-91">
         <name>.debug_info</name>
         <load_address>0x55de</load_address>
         <run_address>0x55de</run_address>
         <size>0x153</size>
         <input_file_ref idref="fl-d"/>
      </object_component>
      <object_component id="oc-6c">
         <name>.debug_info</name>
         <load_address>0x5731</load_address>
         <run_address>0x5731</run_address>
         <size>0x328</size>
         <input_file_ref idref="fl-16"/>
      </object_component>
      <object_component id="oc-24">
         <name>.debug_info</name>
         <load_address>0x5a59</load_address>
         <run_address>0x5a59</run_address>
         <size>0x154</size>
         <input_file_ref idref="fl-16"/>
      </object_component>
      <object_component id="oc-65">
         <name>.debug_info</name>
         <load_address>0x5bad</load_address>
         <run_address>0x5bad</run_address>
         <size>0x21b</size>
         <input_file_ref idref="fl-16"/>
      </object_component>
      <object_component id="oc-100">
         <name>.debug_info</name>
         <load_address>0x5dc8</load_address>
         <run_address>0x5dc8</run_address>
         <size>0x14d</size>
         <input_file_ref idref="fl-18"/>
      </object_component>
      <object_component id="oc-a3">
         <name>.debug_info</name>
         <load_address>0x5f15</load_address>
         <run_address>0x5f15</run_address>
         <size>0x2bf</size>
         <input_file_ref idref="fl-18"/>
      </object_component>
      <object_component id="oc-3f">
         <name>.debug_info</name>
         <load_address>0x61d4</load_address>
         <run_address>0x61d4</run_address>
         <size>0x2a7</size>
         <input_file_ref idref="fl-d8"/>
      </object_component>
      <object_component id="oc-1b">
         <name>.debug_info</name>
         <load_address>0x647b</load_address>
         <run_address>0x647b</run_address>
         <size>0x1e9</size>
         <input_file_ref idref="fl-d8"/>
      </object_component>
      <object_component id="oc-3a">
         <name>.debug_info</name>
         <load_address>0x6664</load_address>
         <run_address>0x6664</run_address>
         <size>0x46</size>
         <input_file_ref idref="fl-d8"/>
      </object_component>
      <object_component id="oc-76">
         <name>.debug_info</name>
         <load_address>0x66aa</load_address>
         <run_address>0x66aa</run_address>
         <size>0x2c</size>
         <input_file_ref idref="fl-d8"/>
      </object_component>
      <object_component id="oc-74">
         <name>.debug_info</name>
         <load_address>0x66d6</load_address>
         <run_address>0x66d6</run_address>
         <size>0x29d</size>
         <input_file_ref idref="fl-d9"/>
      </object_component>
      <object_component id="oc-15">
         <name>.debug_info</name>
         <load_address>0x6973</load_address>
         <run_address>0x6973</run_address>
         <size>0x24f</size>
         <input_file_ref idref="fl-d9"/>
      </object_component>
      <object_component id="oc-2a">
         <name>.debug_info</name>
         <load_address>0x6bc2</load_address>
         <run_address>0x6bc2</run_address>
         <size>0x60</size>
         <input_file_ref idref="fl-d9"/>
      </object_component>
      <object_component id="oc-b0">
         <name>.debug_info</name>
         <load_address>0x6c22</load_address>
         <run_address>0x6c22</run_address>
         <size>0x46</size>
         <input_file_ref idref="fl-d9"/>
      </object_component>
      <object_component id="oc-6f">
         <name>.debug_info</name>
         <load_address>0x6c68</load_address>
         <run_address>0x6c68</run_address>
         <size>0x39</size>
         <input_file_ref idref="fl-d9"/>
      </object_component>
      <object_component id="oc-27">
         <name>.debug_info</name>
         <load_address>0x6ca1</load_address>
         <run_address>0x6ca1</run_address>
         <size>0x10a</size>
         <input_file_ref idref="fl-da"/>
      </object_component>
      <object_component id="oc-53">
         <name>.debug_info</name>
         <load_address>0x6dab</load_address>
         <run_address>0x6dab</run_address>
         <size>0x1a8</size>
         <input_file_ref idref="fl-da"/>
      </object_component>
      <object_component id="oc-35">
         <name>.debug_info</name>
         <load_address>0x6f53</load_address>
         <run_address>0x6f53</run_address>
         <size>0x118</size>
         <input_file_ref idref="fl-db"/>
      </object_component>
      <object_component id="oc-11e">
         <name>.debug_info</name>
         <load_address>0x706b</load_address>
         <run_address>0x706b</run_address>
         <size>0x4b2</size>
         <input_file_ref idref="fl-dd"/>
      </object_component>
      <object_component id="oc-ce">
         <name>.debug_info</name>
         <load_address>0x751d</load_address>
         <run_address>0x751d</run_address>
         <size>0x1a5</size>
         <input_file_ref idref="fl-dd"/>
      </object_component>
      <object_component id="oc-151">
         <name>.debug_info</name>
         <load_address>0x76c2</load_address>
         <run_address>0x76c2</run_address>
         <size>0x39</size>
         <input_file_ref idref="fl-dd"/>
      </object_component>
      <object_component id="oc-165">
         <name>.debug_info</name>
         <load_address>0x76fb</load_address>
         <run_address>0x76fb</run_address>
         <size>0x39</size>
         <input_file_ref idref="fl-dd"/>
      </object_component>
      <object_component id="oc-156">
         <name>.debug_info</name>
         <load_address>0x7734</load_address>
         <run_address>0x7734</run_address>
         <size>0x39</size>
         <input_file_ref idref="fl-dd"/>
      </object_component>
      <object_component id="oc-15b">
         <name>.debug_info</name>
         <load_address>0x776d</load_address>
         <run_address>0x776d</run_address>
         <size>0xcd</size>
         <input_file_ref idref="fl-dd"/>
      </object_component>
      <object_component id="oc-8b">
         <name>.debug_info</name>
         <load_address>0x783a</load_address>
         <run_address>0x783a</run_address>
         <size>0x152</size>
         <input_file_ref idref="fl-de"/>
      </object_component>
      <object_component id="oc-c2">
         <name>.debug_info</name>
         <load_address>0x798c</load_address>
         <run_address>0x798c</run_address>
         <size>0x121</size>
         <input_file_ref idref="fl-e0"/>
      </object_component>
      <object_component id="oc-1a2">
         <name>.debug_info</name>
         <load_address>0x7aad</load_address>
         <run_address>0x7aad</run_address>
         <size>0x100</size>
      </object_component>
      <object_component id="oc-136">
         <name>.debug_line</name>
         <load_address>0x0</load_address>
         <run_address>0x0</run_address>
         <size>0x32</size>
         <input_file_ref idref="fl-1"/>
      </object_component>
      <object_component id="oc-13a">
         <name>.debug_line</name>
         <load_address>0x32</load_address>
         <run_address>0x32</run_address>
         <size>0x62</size>
         <input_file_ref idref="fl-1"/>
      </object_component>
      <object_component id="oc-ae">
         <name>.debug_line</name>
         <load_address>0x94</load_address>
         <run_address>0x94</run_address>
         <size>0x7a</size>
         <input_file_ref idref="fl-1"/>
      </object_component>
      <object_component id="oc-13f">
         <name>.debug_line</name>
         <load_address>0x10e</load_address>
         <run_address>0x10e</run_address>
         <size>0x65</size>
         <input_file_ref idref="fl-1"/>
      </object_component>
      <object_component id="oc-110">
         <name>.debug_line</name>
         <load_address>0x173</load_address>
         <run_address>0x173</run_address>
         <size>0x20</size>
         <input_file_ref idref="fl-1"/>
      </object_component>
      <object_component id="oc-10b">
         <name>.debug_line</name>
         <load_address>0x193</load_address>
         <run_address>0x193</run_address>
         <size>0x7e</size>
         <input_file_ref idref="fl-1"/>
      </object_component>
      <object_component id="oc-106">
         <name>.debug_line</name>
         <load_address>0x211</load_address>
         <run_address>0x211</run_address>
         <size>0x7b</size>
         <input_file_ref idref="fl-1"/>
      </object_component>
      <object_component id="oc-32">
         <name>.debug_line</name>
         <load_address>0x28c</load_address>
         <run_address>0x28c</run_address>
         <size>0x20</size>
         <input_file_ref idref="fl-4"/>
      </object_component>
      <object_component id="oc-94">
         <name>.debug_line</name>
         <load_address>0x2ac</load_address>
         <run_address>0x2ac</run_address>
         <size>0x3d</size>
         <input_file_ref idref="fl-d"/>
      </object_component>
      <object_component id="oc-aa">
         <name>.debug_line</name>
         <load_address>0x2e9</load_address>
         <run_address>0x2e9</run_address>
         <size>0x40</size>
         <input_file_ref idref="fl-16"/>
      </object_component>
      <object_component id="oc-6b">
         <name>.debug_line</name>
         <load_address>0x329</load_address>
         <run_address>0x329</run_address>
         <size>0x40</size>
         <input_file_ref idref="fl-16"/>
      </object_component>
      <object_component id="oc-68">
         <name>.debug_line</name>
         <load_address>0x369</load_address>
         <run_address>0x369</run_address>
         <size>0x71</size>
         <input_file_ref idref="fl-16"/>
      </object_component>
      <object_component id="oc-134">
         <name>.debug_line</name>
         <load_address>0x3da</load_address>
         <run_address>0x3da</run_address>
         <size>0x3b</size>
         <input_file_ref idref="fl-18"/>
      </object_component>
      <object_component id="oc-a6">
         <name>.debug_line</name>
         <load_address>0x415</load_address>
         <run_address>0x415</run_address>
         <size>0x159</size>
         <input_file_ref idref="fl-18"/>
      </object_component>
      <object_component id="oc-7c">
         <name>.debug_line</name>
         <load_address>0x56e</load_address>
         <run_address>0x56e</run_address>
         <size>0x20</size>
         <input_file_ref idref="fl-d8"/>
      </object_component>
      <object_component id="oc-1e">
         <name>.debug_line</name>
         <load_address>0x58e</load_address>
         <run_address>0x58e</run_address>
         <size>0x55</size>
         <input_file_ref idref="fl-d8"/>
      </object_component>
      <object_component id="oc-3d">
         <name>.debug_line</name>
         <load_address>0x5e3</load_address>
         <run_address>0x5e3</run_address>
         <size>0x3a</size>
         <input_file_ref idref="fl-d8"/>
      </object_component>
      <object_component id="oc-79">
         <name>.debug_line</name>
         <load_address>0x61d</load_address>
         <run_address>0x61d</run_address>
         <size>0x90</size>
         <input_file_ref idref="fl-d8"/>
      </object_component>
      <object_component id="oc-b6">
         <name>.debug_line</name>
         <load_address>0x6ad</load_address>
         <run_address>0x6ad</run_address>
         <size>0x20</size>
         <input_file_ref idref="fl-d9"/>
      </object_component>
      <object_component id="oc-18">
         <name>.debug_line</name>
         <load_address>0x6cd</load_address>
         <run_address>0x6cd</run_address>
         <size>0xa9</size>
         <input_file_ref idref="fl-d9"/>
      </object_component>
      <object_component id="oc-2d">
         <name>.debug_line</name>
         <load_address>0x776</load_address>
         <run_address>0x776</run_address>
         <size>0x3a</size>
         <input_file_ref idref="fl-d9"/>
      </object_component>
      <object_component id="oc-b3">
         <name>.debug_line</name>
         <load_address>0x7b0</load_address>
         <run_address>0x7b0</run_address>
         <size>0x98</size>
         <input_file_ref idref="fl-d9"/>
      </object_component>
      <object_component id="oc-72">
         <name>.debug_line</name>
         <load_address>0x848</load_address>
         <run_address>0x848</run_address>
         <size>0x94</size>
         <input_file_ref idref="fl-d9"/>
      </object_component>
      <object_component id="oc-6e">
         <name>.debug_line</name>
         <load_address>0x8dc</load_address>
         <run_address>0x8dc</run_address>
         <size>0x33</size>
         <input_file_ref idref="fl-da"/>
      </object_component>
      <object_component id="oc-56">
         <name>.debug_line</name>
         <load_address>0x90f</load_address>
         <run_address>0x90f</run_address>
         <size>0x45</size>
         <input_file_ref idref="fl-da"/>
      </object_component>
      <object_component id="oc-38">
         <name>.debug_line</name>
         <load_address>0x954</load_address>
         <run_address>0x954</run_address>
         <size>0x88</size>
         <input_file_ref idref="fl-db"/>
      </object_component>
      <object_component id="oc-150">
         <name>.debug_line</name>
         <load_address>0x9dc</load_address>
         <run_address>0x9dc</run_address>
         <size>0xbd</size>
         <input_file_ref idref="fl-dd"/>
      </object_component>
      <object_component id="oc-d1">
         <name>.debug_line</name>
         <load_address>0xa99</load_address>
         <run_address>0xa99</run_address>
         <size>0x6f</size>
         <input_file_ref idref="fl-dd"/>
      </object_component>
      <object_component id="oc-154">
         <name>.debug_line</name>
         <load_address>0xb08</load_address>
         <run_address>0xb08</run_address>
         <size>0x2e</size>
         <input_file_ref idref="fl-dd"/>
      </object_component>
      <object_component id="oc-168">
         <name>.debug_line</name>
         <load_address>0xb36</load_address>
         <run_address>0xb36</run_address>
         <size>0x98</size>
         <input_file_ref idref="fl-dd"/>
      </object_component>
      <object_component id="oc-159">
         <name>.debug_line</name>
         <load_address>0xbce</load_address>
         <run_address>0xbce</run_address>
         <size>0x95</size>
         <input_file_ref idref="fl-dd"/>
      </object_component>
      <object_component id="oc-15e">
         <name>.debug_line</name>
         <load_address>0xc63</load_address>
         <run_address>0xc63</run_address>
         <size>0x91</size>
         <input_file_ref idref="fl-dd"/>
      </object_component>
      <object_component id="oc-8e">
         <name>.debug_line</name>
         <load_address>0xcf4</load_address>
         <run_address>0xcf4</run_address>
         <size>0x40</size>
         <input_file_ref idref="fl-de"/>
      </object_component>
      <object_component id="oc-c5">
         <name>.debug_line</name>
         <load_address>0xd34</load_address>
         <run_address>0xd34</run_address>
         <size>0x3c</size>
         <input_file_ref idref="fl-e0"/>
      </object_component>
      <object_component id="oc-135">
         <name>.debug_abbrev</name>
         <load_address>0x0</load_address>
         <run_address>0x0</run_address>
         <size>0xc2</size>
         <input_file_ref idref="fl-1"/>
      </object_component>
      <object_component id="oc-139">
         <name>.debug_abbrev</name>
         <load_address>0xc2</load_address>
         <run_address>0xc2</run_address>
         <size>0xbd</size>
         <input_file_ref idref="fl-1"/>
      </object_component>
      <object_component id="oc-ad">
         <name>.debug_abbrev</name>
         <load_address>0x17f</load_address>
         <run_address>0x17f</run_address>
         <size>0x69</size>
         <input_file_ref idref="fl-1"/>
      </object_component>
      <object_component id="oc-13e">
         <name>.debug_abbrev</name>
         <load_address>0x1e8</load_address>
         <run_address>0x1e8</run_address>
         <size>0x97</size>
         <input_file_ref idref="fl-1"/>
      </object_component>
      <object_component id="oc-10f">
         <name>.debug_abbrev</name>
         <load_address>0x27f</load_address>
         <run_address>0x27f</run_address>
         <size>0x1f</size>
         <input_file_ref idref="fl-1"/>
      </object_component>
      <object_component id="oc-10a">
         <name>.debug_abbrev</name>
         <load_address>0x29e</load_address>
         <run_address>0x29e</run_address>
         <size>0x5c</size>
         <input_file_ref idref="fl-1"/>
      </object_component>
      <object_component id="oc-105">
         <name>.debug_abbrev</name>
         <load_address>0x2fa</load_address>
         <run_address>0x2fa</run_address>
         <size>0x24</size>
         <input_file_ref idref="fl-1"/>
      </object_component>
      <object_component id="oc-31">
         <name>.debug_abbrev</name>
         <load_address>0x31e</load_address>
         <run_address>0x31e</run_address>
         <size>0x1f</size>
         <input_file_ref idref="fl-4"/>
      </object_component>
      <object_component id="oc-c0">
         <name>.debug_abbrev</name>
         <load_address>0x33d</load_address>
         <run_address>0x33d</run_address>
         <size>0x50</size>
         <input_file_ref idref="fl-d"/>
      </object_component>
      <object_component id="oc-a9">
         <name>.debug_abbrev</name>
         <load_address>0x38d</load_address>
         <run_address>0x38d</run_address>
         <size>0x7c</size>
         <input_file_ref idref="fl-16"/>
      </object_component>
      <object_component id="oc-6a">
         <name>.debug_abbrev</name>
         <load_address>0x409</load_address>
         <run_address>0x409</run_address>
         <size>0x29</size>
         <input_file_ref idref="fl-16"/>
      </object_component>
      <object_component id="oc-a8">
         <name>.debug_abbrev</name>
         <load_address>0x432</load_address>
         <run_address>0x432</run_address>
         <size>0x89</size>
         <input_file_ref idref="fl-16"/>
      </object_component>
      <object_component id="oc-133">
         <name>.debug_abbrev</name>
         <load_address>0x4bb</load_address>
         <run_address>0x4bb</run_address>
         <size>0x29</size>
         <input_file_ref idref="fl-18"/>
      </object_component>
      <object_component id="oc-102">
         <name>.debug_abbrev</name>
         <load_address>0x4e4</load_address>
         <run_address>0x4e4</run_address>
         <size>0x8b</size>
         <input_file_ref idref="fl-18"/>
      </object_component>
      <object_component id="oc-7b">
         <name>.debug_abbrev</name>
         <load_address>0x56f</load_address>
         <run_address>0x56f</run_address>
         <size>0x37</size>
         <input_file_ref idref="fl-d8"/>
      </object_component>
      <object_component id="oc-39">
         <name>.debug_abbrev</name>
         <load_address>0x5a6</load_address>
         <run_address>0x5a6</run_address>
         <size>0x74</size>
         <input_file_ref idref="fl-d8"/>
      </object_component>
      <object_component id="oc-3c">
         <name>.debug_abbrev</name>
         <load_address>0x61a</load_address>
         <run_address>0x61a</run_address>
         <size>0x24</size>
         <input_file_ref idref="fl-d8"/>
      </object_component>
      <object_component id="oc-78">
         <name>.debug_abbrev</name>
         <load_address>0x63e</load_address>
         <run_address>0x63e</run_address>
         <size>0x24</size>
         <input_file_ref idref="fl-d8"/>
      </object_component>
      <object_component id="oc-b5">
         <name>.debug_abbrev</name>
         <load_address>0x662</load_address>
         <run_address>0x662</run_address>
         <size>0x37</size>
         <input_file_ref idref="fl-d9"/>
      </object_component>
      <object_component id="oc-29">
         <name>.debug_abbrev</name>
         <load_address>0x699</load_address>
         <run_address>0x699</run_address>
         <size>0x6f</size>
         <input_file_ref idref="fl-d9"/>
      </object_component>
      <object_component id="oc-2c">
         <name>.debug_abbrev</name>
         <load_address>0x708</load_address>
         <run_address>0x708</run_address>
         <size>0x24</size>
         <input_file_ref idref="fl-d9"/>
      </object_component>
      <object_component id="oc-b2">
         <name>.debug_abbrev</name>
         <load_address>0x72c</load_address>
         <run_address>0x72c</run_address>
         <size>0x35</size>
         <input_file_ref idref="fl-d9"/>
      </object_component>
      <object_component id="oc-71">
         <name>.debug_abbrev</name>
         <load_address>0x761</load_address>
         <run_address>0x761</run_address>
         <size>0x24</size>
         <input_file_ref idref="fl-d9"/>
      </object_component>
      <object_component id="oc-6d">
         <name>.debug_abbrev</name>
         <load_address>0x785</load_address>
         <run_address>0x785</run_address>
         <size>0x29</size>
         <input_file_ref idref="fl-da"/>
      </object_component>
      <object_component id="oc-99">
         <name>.debug_abbrev</name>
         <load_address>0x7ae</load_address>
         <run_address>0x7ae</run_address>
         <size>0x55</size>
         <input_file_ref idref="fl-da"/>
      </object_component>
      <object_component id="oc-75">
         <name>.debug_abbrev</name>
         <load_address>0x803</load_address>
         <run_address>0x803</run_address>
         <size>0x3e</size>
         <input_file_ref idref="fl-db"/>
      </object_component>
      <object_component id="oc-14f">
         <name>.debug_abbrev</name>
         <load_address>0x841</load_address>
         <run_address>0x841</run_address>
         <size>0xc0</size>
         <input_file_ref idref="fl-dd"/>
      </object_component>
      <object_component id="oc-11d">
         <name>.debug_abbrev</name>
         <load_address>0x901</load_address>
         <run_address>0x901</run_address>
         <size>0x7e</size>
         <input_file_ref idref="fl-dd"/>
      </object_component>
      <object_component id="oc-153">
         <name>.debug_abbrev</name>
         <load_address>0x97f</load_address>
         <run_address>0x97f</run_address>
         <size>0x24</size>
         <input_file_ref idref="fl-dd"/>
      </object_component>
      <object_component id="oc-167">
         <name>.debug_abbrev</name>
         <load_address>0x9a3</load_address>
         <run_address>0x9a3</run_address>
         <size>0x24</size>
         <input_file_ref idref="fl-dd"/>
      </object_component>
      <object_component id="oc-158">
         <name>.debug_abbrev</name>
         <load_address>0x9c7</load_address>
         <run_address>0x9c7</run_address>
         <size>0x24</size>
         <input_file_ref idref="fl-dd"/>
      </object_component>
      <object_component id="oc-15d">
         <name>.debug_abbrev</name>
         <load_address>0x9eb</load_address>
         <run_address>0x9eb</run_address>
         <size>0x4b</size>
         <input_file_ref idref="fl-dd"/>
      </object_component>
      <object_component id="oc-bf">
         <name>.debug_abbrev</name>
         <load_address>0xa36</load_address>
         <run_address>0xa36</run_address>
         <size>0x55</size>
         <input_file_ref idref="fl-de"/>
      </object_component>
      <object_component id="oc-113">
         <name>.debug_abbrev</name>
         <load_address>0xa8b</load_address>
         <run_address>0xa8b</run_address>
         <size>0x45</size>
         <input_file_ref idref="fl-e0"/>
      </object_component>
      <object_component id="oc-1a3">
         <name>.debug_abbrev</name>
         <load_address>0xad0</load_address>
         <run_address>0xad0</run_address>
         <size>0xf</size>
      </object_component>
      <object_component id="oc-13b">
         <name>.debug_str</name>
         <load_address>0x0</load_address>
         <run_address>0x0</run_address>
         <size>0x1634</size>
         <input_file_ref idref="fl-1"/>
      </object_component>
      <object_component id="oc-af">
         <name>.debug_str</name>
         <load_address>0x1634</load_address>
         <run_address>0x1634</run_address>
         <size>0x31c</size>
         <input_file_ref idref="fl-1"/>
      </object_component>
      <object_component id="oc-140">
         <name>.debug_str</name>
         <load_address>0x1950</load_address>
         <run_address>0x1950</run_address>
         <size>0x4f0</size>
         <input_file_ref idref="fl-1"/>
      </object_component>
      <object_component id="oc-111">
         <name>.debug_str</name>
         <load_address>0x1e40</load_address>
         <run_address>0x1e40</run_address>
         <size>0x100</size>
         <input_file_ref idref="fl-1"/>
      </object_component>
      <object_component id="oc-10c">
         <name>.debug_str</name>
         <load_address>0x1f40</load_address>
         <run_address>0x1f40</run_address>
         <size>0x3ab</size>
         <input_file_ref idref="fl-1"/>
      </object_component>
      <object_component id="oc-107">
         <name>.debug_str</name>
         <load_address>0x22eb</load_address>
         <run_address>0x22eb</run_address>
         <size>0x1b4</size>
         <input_file_ref idref="fl-1"/>
      </object_component>
      <object_component id="oc-33">
         <name>.debug_str</name>
         <load_address>0x249f</load_address>
         <run_address>0x249f</run_address>
         <size>0x100</size>
         <input_file_ref idref="fl-4"/>
      </object_component>
      <object_component id="oc-3e">
         <name>.debug_str</name>
         <load_address>0x259f</load_address>
         <run_address>0x259f</run_address>
         <size>0x10a</size>
         <input_file_ref idref="fl-d8"/>
      </object_component>
      <object_component id="oc-7a">
         <name>.debug_str</name>
         <load_address>0x26a9</load_address>
         <run_address>0x26a9</run_address>
         <size>0x13d</size>
         <input_file_ref idref="fl-d8"/>
      </object_component>
      <object_component id="oc-2e">
         <name>.debug_str</name>
         <load_address>0x27e6</load_address>
         <run_address>0x27e6</run_address>
         <size>0x117</size>
         <input_file_ref idref="fl-d9"/>
      </object_component>
      <object_component id="oc-b4">
         <name>.debug_str</name>
         <load_address>0x28fd</load_address>
         <run_address>0x28fd</run_address>
         <size>0x168</size>
         <input_file_ref idref="fl-d9"/>
      </object_component>
      <object_component id="oc-73">
         <name>.debug_str</name>
         <load_address>0x2a65</load_address>
         <run_address>0x2a65</run_address>
         <size>0x155</size>
         <input_file_ref idref="fl-d9"/>
      </object_component>
      <object_component id="oc-155">
         <name>.debug_str</name>
         <load_address>0x2bba</load_address>
         <run_address>0x2bba</run_address>
         <size>0xec</size>
         <input_file_ref idref="fl-dd"/>
      </object_component>
      <object_component id="oc-169">
         <name>.debug_str</name>
         <load_address>0x2ca6</load_address>
         <run_address>0x2ca6</run_address>
         <size>0x154</size>
         <input_file_ref idref="fl-dd"/>
      </object_component>
      <object_component id="oc-15a">
         <name>.debug_str</name>
         <load_address>0x2dfa</load_address>
         <run_address>0x2dfa</run_address>
         <size>0x14d</size>
         <input_file_ref idref="fl-dd"/>
      </object_component>
      <object_component id="oc-15f">
         <name>.debug_str</name>
         <load_address>0x2f47</load_address>
         <run_address>0x2f47</run_address>
         <size>0x194</size>
         <input_file_ref idref="fl-dd"/>
      </object_component>
      <object_component id="oc-138">
         <name>.debug_pubtypes</name>
         <load_address>0x0</load_address>
         <run_address>0x0</run_address>
         <size>0x2ce</size>
         <input_file_ref idref="fl-1"/>
      </object_component>
      <object_component id="oc-ac">
         <name>.debug_pubtypes</name>
         <load_address>0x2ce</load_address>
         <run_address>0x2ce</run_address>
         <size>0x25c</size>
         <input_file_ref idref="fl-1"/>
      </object_component>
      <object_component id="oc-13d">
         <name>.debug_pubtypes</name>
         <load_address>0x52a</load_address>
         <run_address>0x52a</run_address>
         <size>0xdd</size>
         <input_file_ref idref="fl-1"/>
      </object_component>
      <object_component id="oc-10e">
         <name>.debug_pubtypes</name>
         <load_address>0x607</load_address>
         <run_address>0x607</run_address>
         <size>0xff</size>
         <input_file_ref idref="fl-1"/>
      </object_component>
      <object_component id="oc-109">
         <name>.debug_pubtypes</name>
         <load_address>0x706</load_address>
         <run_address>0x706</run_address>
         <size>0x325</size>
         <input_file_ref idref="fl-1"/>
      </object_component>
      <object_component id="oc-104">
         <name>.debug_pubtypes</name>
         <load_address>0xa2b</load_address>
         <run_address>0xa2b</run_address>
         <size>0xaa</size>
         <input_file_ref idref="fl-1"/>
      </object_component>
      <object_component id="oc-30">
         <name>.debug_pubtypes</name>
         <load_address>0xad5</load_address>
         <run_address>0xad5</run_address>
         <size>0xed</size>
         <input_file_ref idref="fl-4"/>
      </object_component>
      <object_component id="oc-3b">
         <name>.debug_pubtypes</name>
         <load_address>0xbc2</load_address>
         <run_address>0xbc2</run_address>
         <size>0x48</size>
         <input_file_ref idref="fl-d8"/>
      </object_component>
      <object_component id="oc-77">
         <name>.debug_pubtypes</name>
         <load_address>0xc0a</load_address>
         <run_address>0xc0a</run_address>
         <size>0x1d</size>
         <input_file_ref idref="fl-d8"/>
      </object_component>
      <object_component id="oc-2b">
         <name>.debug_pubtypes</name>
         <load_address>0xc27</load_address>
         <run_address>0xc27</run_address>
         <size>0x5d</size>
         <input_file_ref idref="fl-d9"/>
      </object_component>
      <object_component id="oc-b1">
         <name>.debug_pubtypes</name>
         <load_address>0xc84</load_address>
         <run_address>0xc84</run_address>
         <size>0x48</size>
         <input_file_ref idref="fl-d9"/>
      </object_component>
      <object_component id="oc-70">
         <name>.debug_pubtypes</name>
         <load_address>0xccc</load_address>
         <run_address>0xccc</run_address>
         <size>0x35</size>
         <input_file_ref idref="fl-d9"/>
      </object_component>
      <object_component id="oc-152">
         <name>.debug_pubtypes</name>
         <load_address>0xd01</load_address>
         <run_address>0xd01</run_address>
         <size>0x32</size>
         <input_file_ref idref="fl-dd"/>
      </object_component>
      <object_component id="oc-166">
         <name>.debug_pubtypes</name>
         <load_address>0xd33</load_address>
         <run_address>0xd33</run_address>
         <size>0x30</size>
         <input_file_ref idref="fl-dd"/>
      </object_component>
      <object_component id="oc-157">
         <name>.debug_pubtypes</name>
         <load_address>0xd63</load_address>
         <run_address>0xd63</run_address>
         <size>0x2c</size>
         <input_file_ref idref="fl-dd"/>
      </object_component>
      <object_component id="oc-15c">
         <name>.debug_pubtypes</name>
         <load_address>0xd8f</load_address>
         <run_address>0xd8f</run_address>
         <size>0x50</size>
         <input_file_ref idref="fl-dd"/>
      </object_component>
      <object_component id="oc-95">
         <name>.debug_frame</name>
         <load_address>0x0</load_address>
         <run_address>0x0</run_address>
         <size>0x54</size>
         <input_file_ref idref="fl-d"/>
      </object_component>
      <object_component id="oc-69">
         <name>.debug_frame</name>
         <load_address>0x54</load_address>
         <run_address>0x54</run_address>
         <size>0x6c</size>
         <input_file_ref idref="fl-16"/>
      </object_component>
      <object_component id="oc-a7">
         <name>.debug_frame</name>
         <load_address>0xc0</load_address>
         <run_address>0xc0</run_address>
         <size>0x70</size>
         <input_file_ref idref="fl-18"/>
      </object_component>
      <object_component id="oc-1f">
         <name>.debug_frame</name>
         <load_address>0x130</load_address>
         <run_address>0x130</run_address>
         <size>0x54</size>
         <input_file_ref idref="fl-d8"/>
      </object_component>
      <object_component id="oc-19">
         <name>.debug_frame</name>
         <load_address>0x184</load_address>
         <run_address>0x184</run_address>
         <size>0x60</size>
         <input_file_ref idref="fl-d9"/>
      </object_component>
      <object_component id="oc-57">
         <name>.debug_frame</name>
         <load_address>0x1e4</load_address>
         <run_address>0x1e4</run_address>
         <size>0x50</size>
         <input_file_ref idref="fl-da"/>
      </object_component>
      <object_component id="oc-d2">
         <name>.debug_frame</name>
         <load_address>0x234</load_address>
         <run_address>0x234</run_address>
         <size>0x5c</size>
         <input_file_ref idref="fl-dd"/>
      </object_component>
      <object_component id="oc-8f">
         <name>.debug_frame</name>
         <load_address>0x290</load_address>
         <run_address>0x290</run_address>
         <size>0x54</size>
         <input_file_ref idref="fl-de"/>
      </object_component>
      <object_component id="oc-c6">
         <name>.debug_frame</name>
         <load_address>0x2e4</load_address>
         <run_address>0x2e4</run_address>
         <size>0x54</size>
         <input_file_ref idref="fl-e0"/>
      </object_component>
      <object_component id="oc-92">
         <name>.debug_aranges</name>
         <load_address>0x0</load_address>
         <run_address>0x0</run_address>
         <size>0x20</size>
         <input_file_ref idref="fl-d"/>
      </object_component>
      <object_component id="oc-66">
         <name>.debug_aranges</name>
         <load_address>0x20</load_address>
         <run_address>0x20</run_address>
         <size>0x28</size>
         <input_file_ref idref="fl-16"/>
      </object_component>
      <object_component id="oc-a4">
         <name>.debug_aranges</name>
         <load_address>0x48</load_address>
         <run_address>0x48</run_address>
         <size>0x28</size>
         <input_file_ref idref="fl-18"/>
      </object_component>
      <object_component id="oc-1c">
         <name>.debug_aranges</name>
         <load_address>0x70</load_address>
         <run_address>0x70</run_address>
         <size>0x20</size>
         <input_file_ref idref="fl-d8"/>
      </object_component>
      <object_component id="oc-16">
         <name>.debug_aranges</name>
         <load_address>0x90</load_address>
         <run_address>0x90</run_address>
         <size>0x20</size>
         <input_file_ref idref="fl-d9"/>
      </object_component>
      <object_component id="oc-54">
         <name>.debug_aranges</name>
         <load_address>0xb0</load_address>
         <run_address>0xb0</run_address>
         <size>0x20</size>
         <input_file_ref idref="fl-da"/>
      </object_component>
      <object_component id="oc-36">
         <name>.debug_aranges</name>
         <load_address>0xd0</load_address>
         <run_address>0xd0</run_address>
         <size>0x20</size>
         <input_file_ref idref="fl-db"/>
      </object_component>
      <object_component id="oc-cf">
         <name>.debug_aranges</name>
         <load_address>0xf0</load_address>
         <run_address>0xf0</run_address>
         <size>0x20</size>
         <input_file_ref idref="fl-dd"/>
      </object_component>
      <object_component id="oc-8c">
         <name>.debug_aranges</name>
         <load_address>0x110</load_address>
         <run_address>0x110</run_address>
         <size>0x20</size>
         <input_file_ref idref="fl-de"/>
      </object_component>
      <object_component id="oc-c3">
         <name>.debug_aranges</name>
         <load_address>0x130</load_address>
         <run_address>0x130</run_address>
         <size>0x20</size>
         <input_file_ref idref="fl-e0"/>
      </object_component>
      <object_component id="oc-93">
         <name>.debug_pubnames</name>
         <load_address>0x0</load_address>
         <run_address>0x0</run_address>
         <size>0x1b</size>
         <input_file_ref idref="fl-d"/>
      </object_component>
      <object_component id="oc-25">
         <name>.debug_pubnames</name>
         <load_address>0x1b</load_address>
         <run_address>0x1b</run_address>
         <size>0x27</size>
         <input_file_ref idref="fl-16"/>
      </object_component>
      <object_component id="oc-67">
         <name>.debug_pubnames</name>
         <load_address>0x42</load_address>
         <run_address>0x42</run_address>
         <size>0x38</size>
         <input_file_ref idref="fl-16"/>
      </object_component>
      <object_component id="oc-101">
         <name>.debug_pubnames</name>
         <load_address>0x7a</load_address>
         <run_address>0x7a</run_address>
         <size>0x26</size>
         <input_file_ref idref="fl-18"/>
      </object_component>
      <object_component id="oc-a5">
         <name>.debug_pubnames</name>
         <load_address>0xa0</load_address>
         <run_address>0xa0</run_address>
         <size>0x3b</size>
         <input_file_ref idref="fl-18"/>
      </object_component>
      <object_component id="oc-1d">
         <name>.debug_pubnames</name>
         <load_address>0xdb</load_address>
         <run_address>0xdb</run_address>
         <size>0x2b</size>
         <input_file_ref idref="fl-d8"/>
      </object_component>
      <object_component id="oc-17">
         <name>.debug_pubnames</name>
         <load_address>0x106</load_address>
         <run_address>0x106</run_address>
         <size>0x2b</size>
         <input_file_ref idref="fl-d9"/>
      </object_component>
      <object_component id="oc-28">
         <name>.debug_pubnames</name>
         <load_address>0x131</load_address>
         <run_address>0x131</run_address>
         <size>0x1e</size>
         <input_file_ref idref="fl-da"/>
      </object_component>
      <object_component id="oc-55">
         <name>.debug_pubnames</name>
         <load_address>0x14f</load_address>
         <run_address>0x14f</run_address>
         <size>0x26</size>
         <input_file_ref idref="fl-da"/>
      </object_component>
      <object_component id="oc-37">
         <name>.debug_pubnames</name>
         <load_address>0x175</load_address>
         <run_address>0x175</run_address>
         <size>0x1d</size>
         <input_file_ref idref="fl-db"/>
      </object_component>
      <object_component id="oc-d0">
         <name>.debug_pubnames</name>
         <load_address>0x192</load_address>
         <run_address>0x192</run_address>
         <size>0x35</size>
         <input_file_ref idref="fl-dd"/>
      </object_component>
      <object_component id="oc-8d">
         <name>.debug_pubnames</name>
         <load_address>0x1c7</load_address>
         <run_address>0x1c7</run_address>
         <size>0x27</size>
         <input_file_ref idref="fl-de"/>
      </object_component>
      <object_component id="oc-c4">
         <name>.debug_pubnames</name>
         <load_address>0x1ee</load_address>
         <run_address>0x1ee</run_address>
         <size>0x1c</size>
         <input_file_ref idref="fl-e0"/>
      </object_component>
   </object_component_list>
   <logical_group_list>
      <logical_group id="lg-3" display="no" color="cyan">
         <name>.intvecs</name>
         <load_address>0x0</load_address>
         <run_address>0x0</run_address>
         <size>0xe4</size>
         <contents>
            <object_component_ref idref="oc-23"/>
         </contents>
      </logical_group>
      <logical_group id="lg-4" display="no" color="cyan">
         <name>.text</name>
         <load_address>0xe4</load_address>
         <run_address>0xe4</run_address>
         <size>0x4d6</size>
         <contents>
            <object_component_ref idref="oc-a2"/>
            <object_component_ref idref="oc-34"/>
            <object_component_ref idref="oc-14"/>
            <object_component_ref idref="oc-cd"/>
            <object_component_ref idref="oc-52"/>
            <object_component_ref idref="oc-1a"/>
            <object_component_ref idref="oc-64"/>
            <object_component_ref idref="oc-8a"/>
            <object_component_ref idref="oc-c1"/>
            <object_component_ref idref="oc-90"/>
         </contents>
      </logical_group>
      <logical_group id="lg-5" display="no" color="cyan">
         <name>.const</name>
         <run_address>0x0</run_address>
         <size>0x0</size>
         <contents>
         </contents>
      </logical_group>
      <logical_group id="lg-6" display="no" color="cyan">
         <name>.cinit</name>
         <load_address>0x5c0</load_address>
         <run_address>0x5c0</run_address>
         <size>0x18</size>
         <contents>
            <object_component_ref idref="oc-1a0"/>
            <object_component_ref idref="oc-19e"/>
            <object_component_ref idref="oc-19f"/>
         </contents>
      </logical_group>
      <logical_group id="lg-7" display="no" color="cyan">
         <name>.pinit</name>
         <run_address>0x0</run_address>
         <size>0x0</size>
         <contents>
         </contents>
      </logical_group>
      <logical_group id="lg-8" display="no" color="cyan">
         <name>.init_array</name>
         <run_address>0x0</run_address>
         <size>0x0</size>
         <contents>
         </contents>
      </logical_group>
      <logical_group id="lg-9" display="no" color="cyan">
         <name>.binit</name>
         <load_address>0x0</load_address>
         <run_address>0x0</run_address>
         <size>0x0</size>
         <contents>
            <object_component_ref idref="oc-173"/>
         </contents>
      </logical_group>
      <logical_group id="lg-a" display="no" color="cyan">
         <name>.flashMailbox</name>
         <run_address>0x0</run_address>
         <size>0x0</size>
         <contents>
         </contents>
      </logical_group>
      <logical_group id="lg-b" display="no" color="cyan">
         <name>.tlvTable</name>
         <run_address>0x0</run_address>
         <size>0x0</size>
         <contents>
         </contents>
      </logical_group>
      <logical_group id="lg-c" display="no" color="cyan">
         <name>.bslArea</name>
         <run_address>0x0</run_address>
         <size>0x0</size>
         <contents>
         </contents>
      </logical_group>
      <logical_group id="lg-d" display="no" color="cyan">
         <name>.vtable</name>
         <run_address>0x0</run_address>
         <size>0x0</size>
         <contents>
         </contents>
      </logical_group>
      <logical_group id="lg-e" display="no" color="cyan">
         <name>.data</name>
         <run_address>0x20000000</run_address>
         <size>0x4</size>
         <contents>
            <object_component_ref idref="oc-ff"/>
         </contents>
      </logical_group>
      <logical_group id="lg-f" display="no" color="cyan">
         <name>.bss</name>
         <run_address>0x0</run_address>
         <size>0x0</size>
         <contents>
         </contents>
      </logical_group>
      <logical_group id="lg-10" display="no" color="cyan">
         <name>.sysmem</name>
         <run_address>0x0</run_address>
         <size>0x0</size>
         <contents>
         </contents>
      </logical_group>
      <logical_group id="lg-11" display="no" color="cyan">
         <name>.stack</name>
         <run_address>0x2000fe00</run_address>
         <size>0x200</size>
         <contents>
            <object_component_ref idref="oc-26"/>
            <object_component_ref idref="oc-1a1"/>
         </contents>
      </logical_group>
      <logical_group id="lg-12" display="no" color="cyan">
         <name>.TI.ramfunc</name>
         <run_address>0x0</run_address>
         <size>0x0</size>
         <contents>
         </contents>
      </logical_group>
      <logical_group id="lg-171" display="no" color="cyan">
         <name>.TI.noinit</name>
         <run_address>0x0</run_address>
         <size>0x0</size>
         <contents>
         </contents>
      </logical_group>
      <logical_group id="lg-172" display="no" color="cyan">
         <name>.TI.persistent</name>
         <run_address>0x0</run_address>
         <size>0x0</size>
         <contents>
         </contents>
      </logical_group>
      <logical_group id="lg-186" display="never" color="cyan">
         <name>.debug_info</name>
         <load_address>0x0</load_address>
         <run_address>0x0</run_address>
         <size>0x7bad</size>
         <contents>
            <object_component_ref idref="oc-112"/>
            <object_component_ref idref="oc-137"/>
            <object_component_ref idref="oc-ab"/>
            <object_component_ref idref="oc-13c"/>
            <object_component_ref idref="oc-10d"/>
            <object_component_ref idref="oc-108"/>
            <object_component_ref idref="oc-103"/>
            <object_component_ref idref="oc-2f"/>
            <object_component_ref idref="oc-91"/>
            <object_component_ref idref="oc-6c"/>
            <object_component_ref idref="oc-24"/>
            <object_component_ref idref="oc-65"/>
            <object_component_ref idref="oc-100"/>
            <object_component_ref idref="oc-a3"/>
            <object_component_ref idref="oc-3f"/>
            <object_component_ref idref="oc-1b"/>
            <object_component_ref idref="oc-3a"/>
            <object_component_ref idref="oc-76"/>
            <object_component_ref idref="oc-74"/>
            <object_component_ref idref="oc-15"/>
            <object_component_ref idref="oc-2a"/>
            <object_component_ref idref="oc-b0"/>
            <object_component_ref idref="oc-6f"/>
            <object_component_ref idref="oc-27"/>
            <object_component_ref idref="oc-53"/>
            <object_component_ref idref="oc-35"/>
            <object_component_ref idref="oc-11e"/>
            <object_component_ref idref="oc-ce"/>
            <object_component_ref idref="oc-151"/>
            <object_component_ref idref="oc-165"/>
            <object_component_ref idref="oc-156"/>
            <object_component_ref idref="oc-15b"/>
            <object_component_ref idref="oc-8b"/>
            <object_component_ref idref="oc-c2"/>
            <object_component_ref idref="oc-1a2"/>
         </contents>
      </logical_group>
      <logical_group id="lg-188" display="never" color="cyan">
         <name>.debug_line</name>
         <load_address>0x0</load_address>
         <run_address>0x0</run_address>
         <size>0xd70</size>
         <contents>
            <object_component_ref idref="oc-136"/>
            <object_component_ref idref="oc-13a"/>
            <object_component_ref idref="oc-ae"/>
            <object_component_ref idref="oc-13f"/>
            <object_component_ref idref="oc-110"/>
            <object_component_ref idref="oc-10b"/>
            <object_component_ref idref="oc-106"/>
            <object_component_ref idref="oc-32"/>
            <object_component_ref idref="oc-94"/>
            <object_component_ref idref="oc-aa"/>
            <object_component_ref idref="oc-6b"/>
            <object_component_ref idref="oc-68"/>
            <object_component_ref idref="oc-134"/>
            <object_component_ref idref="oc-a6"/>
            <object_component_ref idref="oc-7c"/>
            <object_component_ref idref="oc-1e"/>
            <object_component_ref idref="oc-3d"/>
            <object_component_ref idref="oc-79"/>
            <object_component_ref idref="oc-b6"/>
            <object_component_ref idref="oc-18"/>
            <object_component_ref idref="oc-2d"/>
            <object_component_ref idref="oc-b3"/>
            <object_component_ref idref="oc-72"/>
            <object_component_ref idref="oc-6e"/>
            <object_component_ref idref="oc-56"/>
            <object_component_ref idref="oc-38"/>
            <object_component_ref idref="oc-150"/>
            <object_component_ref idref="oc-d1"/>
            <object_component_ref idref="oc-154"/>
            <object_component_ref idref="oc-168"/>
            <object_component_ref idref="oc-159"/>
            <object_component_ref idref="oc-15e"/>
            <object_component_ref idref="oc-8e"/>
            <object_component_ref idref="oc-c5"/>
         </contents>
      </logical_group>
      <logical_group id="lg-18a" display="never" color="cyan">
         <name>.debug_abbrev</name>
         <load_address>0x0</load_address>
         <run_address>0x0</run_address>
         <size>0xadf</size>
         <contents>
            <object_component_ref idref="oc-135"/>
            <object_component_ref idref="oc-139"/>
            <object_component_ref idref="oc-ad"/>
            <object_component_ref idref="oc-13e"/>
            <object_component_ref idref="oc-10f"/>
            <object_component_ref idref="oc-10a"/>
            <object_component_ref idref="oc-105"/>
            <object_component_ref idref="oc-31"/>
            <object_component_ref idref="oc-c0"/>
            <object_component_ref idref="oc-a9"/>
            <object_component_ref idref="oc-6a"/>
            <object_component_ref idref="oc-a8"/>
            <object_component_ref idref="oc-133"/>
            <object_component_ref idref="oc-102"/>
            <object_component_ref idref="oc-7b"/>
            <object_component_ref idref="oc-39"/>
            <object_component_ref idref="oc-3c"/>
            <object_component_ref idref="oc-78"/>
            <object_component_ref idref="oc-b5"/>
            <object_component_ref idref="oc-29"/>
            <object_component_ref idref="oc-2c"/>
            <object_component_ref idref="oc-b2"/>
            <object_component_ref idref="oc-71"/>
            <object_component_ref idref="oc-6d"/>
            <object_component_ref idref="oc-99"/>
            <object_component_ref idref="oc-75"/>
            <object_component_ref idref="oc-14f"/>
            <object_component_ref idref="oc-11d"/>
            <object_component_ref idref="oc-153"/>
            <object_component_ref idref="oc-167"/>
            <object_component_ref idref="oc-158"/>
            <object_component_ref idref="oc-15d"/>
            <object_component_ref idref="oc-bf"/>
            <object_component_ref idref="oc-113"/>
            <object_component_ref idref="oc-1a3"/>
         </contents>
      </logical_group>
      <logical_group id="lg-18c" display="never" color="cyan">
         <name>.debug_str</name>
         <load_address>0x0</load_address>
         <run_address>0x0</run_address>
         <size>0x30db</size>
         <contents>
            <object_component_ref idref="oc-13b"/>
            <object_component_ref idref="oc-af"/>
            <object_component_ref idref="oc-140"/>
            <object_component_ref idref="oc-111"/>
            <object_component_ref idref="oc-10c"/>
            <object_component_ref idref="oc-107"/>
            <object_component_ref idref="oc-33"/>
            <object_component_ref idref="oc-3e"/>
            <object_component_ref idref="oc-7a"/>
            <object_component_ref idref="oc-2e"/>
            <object_component_ref idref="oc-b4"/>
            <object_component_ref idref="oc-73"/>
            <object_component_ref idref="oc-155"/>
            <object_component_ref idref="oc-169"/>
            <object_component_ref idref="oc-15a"/>
            <object_component_ref idref="oc-15f"/>
         </contents>
      </logical_group>
      <logical_group id="lg-18e" display="never" color="cyan">
         <name>.debug_pubtypes</name>
         <load_address>0x0</load_address>
         <run_address>0x0</run_address>
         <size>0xddf</size>
         <contents>
            <object_component_ref idref="oc-138"/>
            <object_component_ref idref="oc-ac"/>
            <object_component_ref idref="oc-13d"/>
            <object_component_ref idref="oc-10e"/>
            <object_component_ref idref="oc-109"/>
            <object_component_ref idref="oc-104"/>
            <object_component_ref idref="oc-30"/>
            <object_component_ref idref="oc-3b"/>
            <object_component_ref idref="oc-77"/>
            <object_component_ref idref="oc-2b"/>
            <object_component_ref idref="oc-b1"/>
            <object_component_ref idref="oc-70"/>
            <object_component_ref idref="oc-152"/>
            <object_component_ref idref="oc-166"/>
            <object_component_ref idref="oc-157"/>
            <object_component_ref idref="oc-15c"/>
         </contents>
      </logical_group>
      <logical_group id="lg-190" display="never" color="cyan">
         <name>.debug_frame</name>
         <load_address>0x0</load_address>
         <run_address>0x0</run_address>
         <size>0x338</size>
         <contents>
            <object_component_ref idref="oc-95"/>
            <object_component_ref idref="oc-69"/>
            <object_component_ref idref="oc-a7"/>
            <object_component_ref idref="oc-1f"/>
            <object_component_ref idref="oc-19"/>
            <object_component_ref idref="oc-57"/>
            <object_component_ref idref="oc-d2"/>
            <object_component_ref idref="oc-8f"/>
            <object_component_ref idref="oc-c6"/>
         </contents>
      </logical_group>
      <logical_group id="lg-192" display="never" color="cyan">
         <name>.debug_aranges</name>
         <load_address>0x0</load_address>
         <run_address>0x0</run_address>
         <size>0x150</size>
         <contents>
            <object_component_ref idref="oc-92"/>
            <object_component_ref idref="oc-66"/>
            <object_component_ref idref="oc-a4"/>
            <object_component_ref idref="oc-1c"/>
            <object_component_ref idref="oc-16"/>
            <object_component_ref idref="oc-54"/>
            <object_component_ref idref="oc-36"/>
            <object_component_ref idref="oc-cf"/>
            <object_component_ref idref="oc-8c"/>
            <object_component_ref idref="oc-c3"/>
         </contents>
      </logical_group>
      <logical_group id="lg-194" display="never" color="cyan">
         <name>.debug_pubnames</name>
         <load_address>0x0</load_address>
         <run_address>0x0</run_address>
         <size>0x20a</size>
         <contents>
            <object_component_ref idref="oc-93"/>
            <object_component_ref idref="oc-25"/>
            <object_component_ref idref="oc-67"/>
            <object_component_ref idref="oc-101"/>
            <object_component_ref idref="oc-a5"/>
            <object_component_ref idref="oc-1d"/>
            <object_component_ref idref="oc-17"/>
            <object_component_ref idref="oc-28"/>
            <object_component_ref idref="oc-55"/>
            <object_component_ref idref="oc-37"/>
            <object_component_ref idref="oc-d0"/>
            <object_component_ref idref="oc-8d"/>
            <object_component_ref idref="oc-c4"/>
         </contents>
      </logical_group>
      <load_segment id="lg-1a4" display="no" color="cyan">
         <name>SEGMENT_0</name>
         <load_address>0x0</load_address>
         <run_address>0x0</run_address>
         <size>0x5d8</size>
         <flags>0x5</flags>
         <contents>
            <logical_group_ref idref="lg-3"/>
            <logical_group_ref idref="lg-4"/>
            <logical_group_ref idref="lg-6"/>
         </contents>
      </load_segment>
      <load_segment id="lg-1a5" display="no" color="cyan">
         <name>SEGMENT_1</name>
         <run_address>0x20000000</run_address>
         <size>0x4</size>
         <flags>0x6</flags>
         <contents>
            <logical_group_ref idref="lg-e"/>
         </contents>
      </load_segment>
      <load_segment id="lg-1a6" display="no" color="cyan">
         <name>SEGMENT_2</name>
         <run_address>0x2000fe00</run_address>
         <size>0x200</size>
         <flags>0x6</flags>
         <contents>
            <logical_group_ref idref="lg-11"/>
         </contents>
      </load_segment>
   </logical_group_list>
   <placement_map>
      <memory_area display="yes" color="green">
         <name>MAIN</name>
         <page_id>0x0</page_id>
         <origin>0x0</origin>
         <length>0x40000</length>
         <used_space>0x5d2</used_space>
         <unused_space>0x3fa2e</unused_space>
         <attributes>RX</attributes>
         <usage_details>
            <allocated_space>
               <start_address>0x0</start_address>
               <size>0x0</size>
               <logical_group_ref idref="lg-9"/>
            </allocated_space>
            <allocated_space>
               <start_address>0x0</start_address>
               <size>0xe4</size>
               <logical_group_ref idref="lg-3"/>
            </allocated_space>
            <allocated_space>
               <start_address>0xe4</start_address>
               <size>0x4d6</size>
               <logical_group_ref idref="lg-4"/>
            </allocated_space>
            <available_space>
               <start_address>0x5ba</start_address>
               <size>0x6</size>
            </available_space>
            <allocated_space>
               <start_address>0x5c0</start_address>
               <size>0x18</size>
               <logical_group_ref idref="lg-6"/>
            </allocated_space>
            <available_space>
               <start_address>0x5d8</start_address>
               <size>0x3fa28</size>
            </available_space>
         </usage_details>
      </memory_area>
      <memory_area display="yes" color="green">
         <name>INFO</name>
         <page_id>0x0</page_id>
         <origin>0x200000</origin>
         <length>0x4000</length>
         <used_space>0x0</used_space>
         <unused_space>0x4000</unused_space>
         <attributes>RX</attributes>
         <usage_details>
         </usage_details>
      </memory_area>
      <memory_area display="yes" color="green">
         <name>SRAM_CODE</name>
         <page_id>0x0</page_id>
         <origin>0x1000000</origin>
         <length>0x10000</length>
         <used_space>0x204</used_space>
         <unused_space>0xfdfc</unused_space>
         <attributes>RWX</attributes>
         <usage_details>
            <allocated_space>
               <start_address>0x1000000</start_address>
               <size>0x4</size>
               <logical_group_ref idref="lg-e"/>
            </allocated_space>
            <available_space>
               <start_address>0x1000004</start_address>
               <size>0xfdfc</size>
            </available_space>
            <allocated_space>
               <start_address>0x100fe00</start_address>
               <size>0x200</size>
               <logical_group_ref idref="lg-11"/>
            </allocated_space>
         </usage_details>
      </memory_area>
      <memory_area display="yes" color="green">
         <name>SRAM_DATA</name>
         <page_id>0x0</page_id>
         <origin>0x20000000</origin>
         <length>0x10000</length>
         <used_space>0x204</used_space>
         <unused_space>0xfdfc</unused_space>
         <attributes>RW</attributes>
         <usage_details>
            <allocated_space>
               <start_address>0x20000000</start_address>
               <size>0x4</size>
               <logical_group_ref idref="lg-e"/>
            </allocated_space>
            <available_space>
               <start_address>0x20000004</start_address>
               <size>0xfdfc</size>
            </available_space>
            <allocated_space>
               <start_address>0x2000fe00</start_address>
               <size>0x200</size>
               <logical_group_ref idref="lg-11"/>
            </allocated_space>
         </usage_details>
      </memory_area>
   </placement_map>
   <cptbl_list>
      <cptbl>
         <name>__TI_cinit_table</name>
         <cprec>
            <name>.data</name>
            <load_address>0x5c0</load_address>
            <load_size>0x8</load_size>
            <run_address>0x20000000</run_address>
            <run_size>0x4</run_size>
            <compression>lzss</compression>
         </cprec>
      </cptbl>
   </cptbl_list>
   <handler_table>
      <handler_table_name>__TI_handler_table</handler_table_name>
      <handler>
         <index>0x0</index>
         <name>__TI_decompress_lzss</name>
      </handler>
      <handler>
         <index>0x1</index>
         <name>__TI_decompress_none</name>
      </handler>
   </handler_table>
   <symbol_table>
      <symbol id="sm-1">
         <name>WDTCTL_SYM</name>
         <value>0x4000480c</value>
      </symbol>
      <symbol id="sm-2">
         <name>__TI_CINIT_Base</name>
         <value>0x5d0</value>
      </symbol>
      <symbol id="sm-3">
         <name>__TI_CINIT_Limit</name>
         <value>0x5d8</value>
      </symbol>
      <symbol id="sm-4">
         <name>__TI_Handler_Table_Base</name>
         <value>0x5c8</value>
      </symbol>
      <symbol id="sm-5">
         <name>__TI_Handler_Table_Limit</name>
         <value>0x5d0</value>
      </symbol>
      <symbol id="sm-6">
         <name>binit</name>
         <value>0xffffffff</value>
      </symbol>
      <symbol id="sm-7">
         <name>__binit__</name>
         <value>0xffffffff</value>
      </symbol>
      <symbol id="sm-8">
         <name>__STACK_SIZE</name>
         <value>0x200</value>
      </symbol>
      <symbol id="sm-9">
         <name>__STACK_END</name>
         <value>0x20010000</value>
      </symbol>
      <symbol id="sm-a">
         <name>__c_args__</name>
         <value>0xffffffff</value>
      </symbol>
      <symbol id="sm-b">
         <name>__TI_pprof_out_hndl</name>
         <value>0xffffffff</value>
      </symbol>
      <symbol id="sm-c">
         <name>__TI_prof_data_start</name>
         <value>0xffffffff</value>
      </symbol>
      <symbol id="sm-d">
         <name>__TI_prof_data_size</name>
         <value>0xffffffff</value>
      </symbol>
      <symbol id="sm-63">
         <name>main</name>
         <value>0x5b9</value>
         <object_component_ref idref="oc-90"/>
      </symbol>
      <symbol id="sm-80">
         <name>Reset_Handler</name>
         <value>0x5a3</value>
         <object_component_ref idref="oc-64"/>
      </symbol>
      <symbol id="sm-81">
         <name>Default_Handler</name>
         <value>0x5af</value>
         <object_component_ref idref="oc-64"/>
      </symbol>
      <symbol id="sm-82">
         <name>interruptVectors</name>
         <value>0x0</value>
         <object_component_ref idref="oc-23"/>
      </symbol>
      <symbol id="sm-cb">
         <name>SystemInit</name>
         <value>0x35d</value>
         <object_component_ref idref="oc-a2"/>
      </symbol>
      <symbol id="sm-cc">
         <name>SystemCoreClockUpdate</name>
         <value>0xe5</value>
         <object_component_ref idref="oc-a2"/>
      </symbol>
      <symbol id="sm-cd">
         <name>SystemCoreClock</name>
         <value>0x20000000</value>
         <object_component_ref idref="oc-ff"/>
      </symbol>
      <symbol id="sm-ea">
         <name>__TI_decompress_none</name>
         <value>0x595</value>
         <object_component_ref idref="oc-1a"/>
      </symbol>
      <symbol id="sm-10d">
         <name>__TI_decompress_lzss</name>
         <value>0x4b5</value>
         <object_component_ref idref="oc-14"/>
      </symbol>
      <symbol id="sm-120">
         <name>__stack</name>
         <value>0x2000fe00</value>
         <object_component_ref idref="oc-26"/>
      </symbol>
      <symbol id="sm-121">
         <name>_c_int00_noargs</name>
         <value>0x561</value>
         <object_component_ref idref="oc-52"/>
      </symbol>
      <symbol id="sm-13c">
         <name>memcpy</name>
         <value>0x419</value>
         <object_component_ref idref="oc-34"/>
      </symbol>
      <symbol id="sm-13d">
         <name>__aeabi_memcpy</name>
         <value>0x419</value>
         <object_component_ref idref="oc-34"/>
      </symbol>
      <symbol id="sm-13e">
         <name>__aeabi_memcpy8</name>
         <value>0x419</value>
         <object_component_ref idref="oc-34"/>
      </symbol>
      <symbol id="sm-13f">
         <name>__aeabi_memcpy4</name>
         <value>0x419</value>
         <object_component_ref idref="oc-34"/>
      </symbol>
      <symbol id="sm-168">
         <name>__TI_auto_init_nobinit_nopinit</name>
         <value>0x51d</value>
         <object_component_ref idref="oc-cd"/>
      </symbol>
      <symbol id="sm-172">
         <name>_system_pre_init</name>
         <value>0x5b1</value>
         <object_component_ref idref="oc-8a"/>
      </symbol>
      <symbol id="sm-17e">
         <name>C$$EXIT</name>
         <value>0x5b5</value>
         <object_component_ref idref="oc-c1"/>
      </symbol>
      <symbol id="sm-17f">
         <name>abort</name>
         <value>0x5b5</value>
         <object_component_ref idref="oc-c1"/>
      </symbol>
      <symbol id="sm-182">
         <name>__TI_static_base__</name>
         <value>0x0</value>
      </symbol>
      <symbol id="sm-185">
         <name>__mpu_init</name>
         <value>0x0</value>
      </symbol>
      <symbol id="sm-186">
         <name>_system_post_cinit</name>
         <value>0x0</value>
      </symbol>
      <symbol id="sm-187">
         <name>NMI_Handler</name>
         <value>0x5af</value>
      </symbol>
      <symbol id="sm-188">
         <name>HardFault_Handler</name>
         <value>0x5af</value>
      </symbol>
      <symbol id="sm-189">
         <name>MemManage_Handler</name>
         <value>0x5af</value>
      </symbol>
      <symbol id="sm-18a">
         <name>BusFault_Handler</name>
         <value>0x5af</value>
      </symbol>
      <symbol id="sm-18b">
         <name>UsageFault_Handler</name>
         <value>0x5af</value>
      </symbol>
      <symbol id="sm-18c">
         <name>SVC_Handler</name>
         <value>0x5af</value>
      </symbol>
      <symbol id="sm-18d">
         <name>DebugMon_Handler</name>
         <value>0x5af</value>
      </symbol>
      <symbol id="sm-18e">
         <name>PendSV_Handler</name>
         <value>0x5af</value>
      </symbol>
      <symbol id="sm-18f">
         <name>SysTick_Handler</name>
         <value>0x5af</value>
      </symbol>
      <symbol id="sm-190">
         <name>PSS_IRQHandler</name>
         <value>0x5af</value>
      </symbol>
      <symbol id="sm-191">
         <name>CS_IRQHandler</name>
         <value>0x5af</value>
      </symbol>
      <symbol id="sm-192">
         <name>PCM_IRQHandler</name>
         <value>0x5af</value>
      </symbol>
      <symbol id="sm-193">
         <name>WDT_A_IRQHandler</name>
         <value>0x5af</value>
      </symbol>
      <symbol id="sm-194">
         <name>FPU_IRQHandler</name>
         <value>0x5af</value>
      </symbol>
      <symbol id="sm-195">
         <name>FLCTL_IRQHandler</name>
         <value>0x5af</value>
      </symbol>
      <symbol id="sm-196">
         <name>COMP_E0_IRQHandler</name>
         <value>0x5af</value>
      </symbol>
      <symbol id="sm-197">
         <name>COMP_E1_IRQHandler</name>
         <value>0x5af</value>
      </symbol>
      <symbol id="sm-198">
         <name>TA0_0_IRQHandler</name>
         <value>0x5af</value>
      </symbol>
      <symbol id="sm-199">
         <name>TA0_N_IRQHandler</name>
         <value>0x5af</value>
      </symbol>
      <symbol id="sm-19a">
         <name>TA1_0_IRQHandler</name>
         <value>0x5af</value>
      </symbol>
      <symbol id="sm-19b">
         <name>TA1_N_IRQHandler</name>
         <value>0x5af</value>
      </symbol>
      <symbol id="sm-19c">
         <name>TA2_0_IRQHandler</name>
         <value>0x5af</value>
      </symbol>
      <symbol id="sm-19d">
         <name>TA2_N_IRQHandler</name>
         <value>0x5af</value>
      </symbol>
      <symbol id="sm-19e">
         <name>TA3_0_IRQHandler</name>
         <value>0x5af</value>
      </symbol>
      <symbol id="sm-19f">
         <name>TA3_N_IRQHandler</name>
         <value>0x5af</value>
      </symbol>
      <symbol id="sm-1a0">
         <name>EUSCIA0_IRQHandler</name>
         <value>0x5af</value>
      </symbol>
      <symbol id="sm-1a1">
         <name>EUSCIA1_IRQHandler</name>
         <value>0x5af</value>
      </symbol>
      <symbol id="sm-1a2">
         <name>EUSCIA2_IRQHandler</name>
         <value>0x5af</value>
      </symbol>
      <symbol id="sm-1a3">
         <name>EUSCIA3_IRQHandler</name>
         <value>0x5af</value>
      </symbol>
      <symbol id="sm-1a4">
         <name>EUSCIB0_IRQHandler</name>
         <value>0x5af</value>
      </symbol>
      <symbol id="sm-1a5">
         <name>EUSCIB1_IRQHandler</name>
         <value>0x5af</value>
      </symbol>
      <symbol id="sm-1a6">
         <name>EUSCIB2_IRQHandler</name>
         <value>0x5af</value>
      </symbol>
      <symbol id="sm-1a7">
         <name>EUSCIB3_IRQHandler</name>
         <value>0x5af</value>
      </symbol>
      <symbol id="sm-1a8">
         <name>ADC14_IRQHandler</name>
         <value>0x5af</value>
      </symbol>
      <symbol id="sm-1a9">
         <name>T32_INT1_IRQHandler</name>
         <value>0x5af</value>
      </symbol>
      <symbol id="sm-1aa">
         <name>T32_INT2_IRQHandler</name>
         <value>0x5af</value>
      </symbol>
      <symbol id="sm-1ab">
         <name>T32_INTC_IRQHandler</name>
         <value>0x5af</value>
      </symbol>
      <symbol id="sm-1ac">
         <name>AES256_IRQHandler</name>
         <value>0x5af</value>
      </symbol>
      <symbol id="sm-1ad">
         <name>RTC_C_IRQHandler</name>
         <value>0x5af</value>
      </symbol>
      <symbol id="sm-1ae">
         <name>DMA_ERR_IRQHandler</name>
         <value>0x5af</value>
      </symbol>
      <symbol id="sm-1af">
         <name>DMA_INT3_IRQHandler</name>
         <value>0x5af</value>
      </symbol>
      <symbol id="sm-1b0">
         <name>DMA_INT2_IRQHandler</name>
         <value>0x5af</value>
      </symbol>
      <symbol id="sm-1b1">
         <name>DMA_INT1_IRQHandler</name>
         <value>0x5af</value>
      </symbol>
      <symbol id="sm-1b2">
         <name>DMA_INT0_IRQHandler</name>
         <value>0x5af</value>
      </symbol>
      <symbol id="sm-1b3">
         <name>PORT1_IRQHandler</name>
         <value>0x5af</value>
      </symbol>
      <symbol id="sm-1b4">
         <name>PORT2_IRQHandler</name>
         <value>0x5af</value>
      </symbol>
      <symbol id="sm-1b5">
         <name>PORT3_IRQHandler</name>
         <value>0x5af</value>
      </symbol>
      <symbol id="sm-1b6">
         <name>PORT4_IRQHandler</name>
         <value>0x5af</value>
      </symbol>
      <symbol id="sm-1b7">
         <name>PORT5_IRQHandler</name>
         <value>0x5af</value>
      </symbol>
      <symbol id="sm-1b8">
         <name>PORT6_IRQHandler</name>
         <value>0x5af</value>
      </symbol>
   </symbol_table>
   <title>Link successful</title>
</link_info>
